"last_name, first_name",player_id,year,pa,bip,ba,est_ba,est_ba_minus_ba_diff,slg,est_slg,est_slg_minus_slg_diff,woba,est_woba,est_woba_minus_woba_diff,era,xera,era_minus_xera_diff
AVERAGE,0,,,,,,,,,,0.316,,,,,
"Alcantara, Sandy",645261,2026,784,587,0.242,0.248,-0.006,0.366,0.365,0.001,0.294,0.295,-0.001,3.46,3.62,-0.156
"Sánchez, Cristopher",650911,2026,726,479,0.251,0.236,0.015,0.353,0.354,-0.001,0.288,0.28,0.008,2.52,3.24,-0.725
"Wacha, Michael",608379,2026,686,502,0.229,0.246,-0.017,0.401,0.409,-0.008,0.298,0.308,-0.01,3.32,3.97,-0.648
"Luzardo, Jesús",666200,2026,670,408,0.22,0.204,0.016,0.341,0.306,0.035,0.282,0.264,0.018,3.09,2.87,0.222
"Baz, Shane",669358,2026,669,471,0.263,0.25,0.013,0.394,0.388,0.006,0.315,0.31,0.005,4.01,4.02,-0.007
"Valdez, Framber",664285,2026,664,478,0.261,0.265,-0.004,0.389,0.399,-0.01,0.324,0.328,-0.004,4.36,4.56,-0.199
"Bibee, Tanner",676440,2026,664,484,0.234,0.252,-0.018,0.403,0.419,-0.016,0.305,0.319,-0.014,3.88,4.28,-0.399
"Lugo, Seth",607625,2026,662,488,0.286,0.28,0.006,0.462,0.456,0.006,0.35,0.346,0.004,5.03,5.14,-0.114
"King, Michael",650633,2026,662,445,0.216,0.237,-0.021,0.343,0.401,-0.058,0.293,0.321,-0.028,3.11,4.34,-1.229
"Rodriguez, Eduardo",593958,2026,661,490,0.231,0.258,-0.027,0.365,0.425,-0.06,0.291,0.324,-0.033,2.5,4.43,-1.93
"Gausman, Kevin",592332,2026,656,456,0.258,0.247,0.011,0.411,0.401,0.01,0.313,0.306,0.007,4.52,3.91,0.609
"Bradley, Taj",671737,2026,654,406,0.222,0.226,-0.004,0.379,0.378,0.001,0.304,0.306,-0.002,3.85,3.91,-0.061
"Schlittler, Cam",693645,2026,651,400,0.197,0.21,-0.013,0.316,0.335,-0.019,0.255,0.268,-0.013,2.09,2.96,-0.87
"Abbott, Andrew",671096,2026,649,462,0.253,0.265,-0.012,0.414,0.437,-0.023,0.328,0.342,-0.014,4.49,5.01,-0.52
"Ashcraft, Braxton",677952,2026,645,439,0.232,0.232,0,0.382,0.368,0.014,0.289,0.287,0.002,3.59,3.41,0.183
"McLean, Nolan",690997,2026,644,396,0.203,0.215,-0.012,0.324,0.334,-0.01,0.282,0.293,-0.011,3.06,3.56,-0.496
"Kirby, George",669923,2026,640,473,0.284,0.258,0.026,0.444,0.401,0.043,0.336,0.307,0.029,4.19,3.94,0.246
"Cavalli, Cade",676917,2026,640,404,0.238,0.237,0.001,0.365,0.372,-0.007,0.3,0.303,-0.003,3.12,3.83,-0.706
"Gore, MacKenzie",669022,2026,639,411,0.236,0.237,-0.001,0.399,0.377,0.022,0.313,0.305,0.008,4.4,3.88,0.52
"Gilbert, Logan",669302,2026,638,427,0.215,0.232,-0.017,0.386,0.39,-0.004,0.286,0.295,-0.009,3.42,3.62,-0.196
"Nola, Aaron",605400,2026,638,429,0.269,0.241,0.028,0.488,0.413,0.075,0.351,0.312,0.039,4.93,4.08,0.846
"Messick, Parker",800048,2026,637,431,0.206,0.218,-0.012,0.336,0.325,0.011,0.264,0.266,-0.002,2.46,2.91,-0.45
"Singer, Brady",663903,2026,633,458,0.281,0.273,0.008,0.463,0.443,0.02,0.354,0.342,0.012,4.83,5.01,-0.182
"Elder, Bryce",693821,2026,633,459,0.244,0.252,-0.008,0.407,0.401,0.006,0.313,0.313,0,4.11,4.11,-0.003
"Williams, Gavin",668909,2026,632,376,0.218,0.229,-0.011,0.402,0.415,-0.013,0.301,0.309,-0.008,3.98,4,-0.019
"Griffin, Foster",656492,2026,630,444,0.231,0.254,-0.023,0.399,0.418,-0.019,0.302,0.317,-0.015,3.21,4.22,-1.013
"Soriano, José",667755,2026,630,408,0.228,0.247,-0.019,0.329,0.392,-0.063,0.294,0.325,-0.031,3.45,4.46,-1.011
"Detmers, Reid",672282,2026,626,403,0.215,0.219,-0.004,0.349,0.364,-0.015,0.275,0.284,-0.009,3.54,3.34,0.202
"Cameron, Noah",702070,2026,625,443,0.237,0.249,-0.012,0.382,0.408,-0.026,0.299,0.313,-0.014,3.98,4.11,-0.132
"Ray, Robbie",592662,2026,622,422,0.224,0.239,-0.015,0.38,0.419,-0.039,0.309,0.33,-0.021,3.14,4.62,-1.479
"Peralta, Freddy",642547,2026,621,427,0.261,0.239,0.022,0.447,0.382,0.065,0.341,0.308,0.033,5.11,3.97,1.136
"Martinez, Nick",607259,2026,618,502,0.25,0.275,-0.025,0.398,0.429,-0.031,0.295,0.319,-0.024,2.99,4.28,-1.293
"Imanaga, Shota",684007,2026,616,427,0.239,0.233,0.006,0.449,0.407,0.042,0.32,0.301,0.019,4.01,3.78,0.231
"Kelly, Merrill",518876,2026,616,453,0.27,0.3,-0.03,0.475,0.536,-0.061,0.356,0.392,-0.036,5.08,6.92,-1.838
"Burke, Sean",680732,2026,613,393,0.222,0.228,-0.006,0.38,0.371,0.009,0.299,0.298,0.001,3.32,3.7,-0.378
"Kay, Anthony",641743,2026,611,427,0.257,0.258,-0.001,0.423,0.413,0.01,0.339,0.339,0,4.28,4.91,-0.63
"Bradish, Kyle",680694,2026,610,412,0.259,0.245,0.014,0.411,0.395,0.016,0.329,0.32,0.009,4.03,4.31,-0.282
"Yamamoto, Yoshinobu",808967,2026,607,412,0.187,0.217,-0.03,0.31,0.34,-0.03,0.245,0.271,-0.026,2.56,3.03,-0.467
"Webb, Logan",657277,2026,603,439,0.229,0.256,-0.027,0.341,0.38,-0.039,0.28,0.306,-0.026,3.72,3.91,-0.192
"Cease, Dylan",656302,2026,601,316,0.176,0.183,-0.007,0.265,0.278,-0.013,0.247,0.254,-0.007,2.33,2.65,-0.315
"Roupp, Landen",694738,2026,595,391,0.225,0.233,-0.008,0.349,0.347,0.002,0.3,0.302,-0.002,4.25,3.8,0.453
"Skenes, Paul",694973,2026,594,368,0.226,0.213,0.013,0.368,0.34,0.028,0.291,0.275,0.016,3.79,3.12,0.666
"Burns, Chase",695505,2026,592,369,0.219,0.209,0.01,0.359,0.35,0.009,0.286,0.279,0.007,2.79,3.22,-0.433
"Cantillo, Joey",676282,2026,589,371,0.25,0.229,0.021,0.397,0.363,0.034,0.33,0.309,0.021,3.7,4,-0.303
"Liberatore, Matthew",669461,2026,589,396,0.285,0.264,0.021,0.475,0.453,0.022,0.356,0.339,0.017,5.41,4.91,0.503
"McGreevy, Michael",700241,2026,586,449,0.258,0.282,-0.024,0.429,0.484,-0.055,0.32,0.353,-0.033,3.86,5.38,-1.523
"Warren, Will",701542,2026,586,401,0.268,0.262,0.006,0.454,0.418,0.036,0.339,0.326,0.013,4.23,4.49,-0.259
"Gray, Sonny",543243,2026,586,416,0.244,0.25,-0.006,0.386,0.376,0.01,0.301,0.298,0.003,2.82,3.7,-0.881
"Woo, Bryan",693433,2026,581,402,0.233,0.239,-0.006,0.381,0.393,-0.012,0.29,0.297,-0.007,4.36,3.67,0.693
"Ginn, J.T.",669372,2026,580,393,0.225,0.241,-0.016,0.368,0.372,-0.004,0.303,0.312,-0.009,3.71,4.08,-0.372
"Rogers, Trevor",669432,2026,579,418,0.253,0.246,0.007,0.411,0.397,0.014,0.311,0.304,0.007,4.38,3.86,0.52
"Sale, Chris",519242,2026,576,359,0.218,0.222,-0.004,0.298,0.326,-0.028,0.257,0.269,-0.012,2.06,2.98,-0.917
"Rasmussen, Drew",656876,2026,574,391,0.203,0.23,-0.027,0.309,0.349,-0.04,0.249,0.275,-0.026,2.95,3.12,-0.168
"Lorenzen, Michael",547179,2026,572,432,0.338,0.3,0.038,0.536,0.49,0.046,0.402,0.371,0.031,7.04,6.05,0.987
"Misiorowski, Jacob",694819,2026,571,305,0.15,0.168,-0.018,0.242,0.25,-0.008,0.21,0.22,-0.01,1.73,2,-0.272
"Rocker, Kumar",677958,2026,570,387,0.256,0.255,0.001,0.422,0.418,0.004,0.332,0.33,0.002,4.44,4.62,-0.178
"Chandler, Bubba",696149,2026,569,377,0.224,0.233,-0.009,0.355,0.367,-0.012,0.306,0.313,-0.007,4.26,4.11,0.15
"Weathers, Ryan",677960,2026,568,384,0.249,0.255,-0.006,0.394,0.424,-0.03,0.306,0.319,-0.013,3.6,4.28,-0.676
"Hancock, Emerson",676106,2026,566,401,0.24,0.242,-0.002,0.399,0.41,-0.011,0.302,0.308,-0.006,3.57,3.97,-0.4
"Lambert, Peter",663567,2026,566,369,0.22,0.213,0.007,0.335,0.35,-0.015,0.293,0.294,-0.001,3.66,3.59,0.073
"Pallante, Andre",669467,2026,564,420,0.249,0.25,-0.001,0.357,0.374,-0.017,0.298,0.305,-0.007,3.57,3.88,-0.306
"deGrom, Jacob",594798,2026,561,357,0.226,0.232,-0.006,0.368,0.386,-0.018,0.282,0.291,-0.009,4,3.51,0.488
"Buehler, Walker",621111,2026,559,394,0.256,0.244,0.012,0.414,0.395,0.019,0.326,0.313,0.013,4.66,4.11,0.55
"Young, Brandon",687064,2026,556,403,0.255,0.258,-0.003,0.403,0.408,-0.005,0.318,0.321,-0.003,3.38,4.34,-0.956
"Peterson, David",656849,2026,556,391,0.273,0.272,0.001,0.411,0.412,-0.001,0.334,0.338,-0.004,5.11,4.87,0.238
"Montero, Keider",672456,2026,556,428,0.208,0.228,-0.02,0.34,0.38,-0.04,0.264,0.287,-0.023,3.24,3.41,-0.173
"Eovaldi, Nathan",543135,2026,555,378,0.25,0.25,0,0.439,0.421,0.018,0.323,0.316,0.007,4.21,4.2,0.006
"Rea, Colin",607067,2026,554,405,0.256,0.274,-0.018,0.425,0.481,-0.056,0.33,0.356,-0.026,4.48,5.49,-1.013
"Freeland, Kyle",607536,2026,554,417,0.296,0.282,0.014,0.528,0.476,0.052,0.371,0.346,0.025,6.37,5.14,1.23
"Holmes, Grant",656550,2026,552,391,0.24,0.254,-0.014,0.4,0.426,-0.026,0.317,0.333,-0.016,3.71,4.71,-1.003
"Springs, Jeffrey",605488,2026,548,397,0.274,0.254,0.02,0.538,0.454,0.084,0.375,0.339,0.036,6.37,4.91,1.456
"May, Dustin",669160,2026,547,369,0.257,0.248,0.009,0.377,0.378,-0.001,0.316,0.316,0,4.69,4.2,0.487
"Castillo, Luis",622491,2026,546,395,0.28,0.272,0.008,0.481,0.46,0.021,0.354,0.341,0.013,5.31,4.97,0.341
"Leahy, Kyle",681517,2026,545,383,0.263,0.269,-0.006,0.406,0.443,-0.037,0.321,0.335,-0.014,3.13,4.78,-1.649
"Sugano, Tomoyuki",608372,2026,540,433,0.284,0.314,-0.03,0.542,0.562,-0.02,0.368,0.392,-0.024,5.23,6.92,-1.692
"Littell, Zack",641793,2026,540,425,0.278,0.299,-0.021,0.511,0.539,-0.028,0.36,0.384,-0.024,5.21,6.58,-1.368
"Manaea, Sean",640455,2026,533,359,0.258,0.253,0.005,0.466,0.445,0.021,0.346,0.336,0.01,4.55,4.81,-0.261
"Fedde, Erick",607200,2026,532,394,0.26,0.256,0.004,0.444,0.438,0.006,0.334,0.331,0.003,4.16,4.65,-0.491
"Tolle, Payton",801139,2026,530,342,0.22,0.199,0.021,0.374,0.316,0.058,0.288,0.257,0.031,3.23,2.72,0.509
"Pérez, Eury",691587,2026,530,324,0.198,0.208,-0.01,0.343,0.363,-0.02,0.288,0.298,-0.01,3.44,3.7,-0.256
"Martin, Davis",663436,2026,530,371,0.266,0.271,-0.005,0.402,0.416,-0.014,0.324,0.331,-0.007,4.32,4.65,-0.33
"Ureña, Walbert",700712,2026,525,333,0.203,0.205,-0.002,0.294,0.307,-0.013,0.28,0.286,-0.006,2.85,3.39,-0.544
"Wheeler, Zack",554430,2026,524,325,0.212,0.207,0.005,0.377,0.327,0.05,0.29,0.27,0.02,3.31,3.01,0.305
"Ryan, Joe",657746,2026,523,353,0.239,0.224,0.015,0.405,0.39,0.015,0.3,0.29,0.01,3.65,3.49,0.163
"Mahle, Tyler",641816,2026,521,355,0.254,0.252,0.002,0.409,0.401,0.008,0.319,0.315,0.004,4.25,4.17,0.078
"Wrobleski, Justin",680736,2026,516,383,0.231,0.27,-0.039,0.391,0.448,-0.057,0.294,0.331,-0.037,3.56,4.65,-1.088
"Vásquez, Randy",681190,2026,516,401,0.264,0.288,-0.024,0.432,0.498,-0.066,0.325,0.361,-0.036,4.02,5.67,-1.646
"Suarez, Ranger",624133,2026,516,352,0.245,0.25,-0.005,0.35,0.356,-0.006,0.294,0.299,-0.005,3.64,3.72,-0.081
"Sasaki, Roki",808963,2026,511,341,0.244,0.246,-0.002,0.468,0.41,0.058,0.343,0.323,0.02,4.6,4.4,0.201
"Keller, Mitch",656605,2026,503,364,0.259,0.288,-0.029,0.426,0.455,-0.029,0.334,0.355,-0.021,5.29,5.46,-0.169
"Lowder, Rhett",695076,2026,499,362,0.268,0.267,0.001,0.438,0.458,-0.02,0.339,0.345,-0.006,5.14,5.11,0.033
"Pérez, Martín",527048,2026,499,355,0.22,0.263,-0.043,0.359,0.393,-0.034,0.293,0.327,-0.034,3.05,4.52,-1.47
"Mikolas, Miles",571945,2026,498,415,0.293,0.288,0.005,0.527,0.506,0.021,0.364,0.354,0.01,5.82,5.42,0.399
"Skubal, Tarik",669373,2026,495,316,0.211,0.226,-0.015,0.348,0.339,0.009,0.264,0.267,-0.003,2.84,2.94,-0.098
"Cecconi, Slade",677944,2026,488,360,0.29,0.271,0.019,0.465,0.452,0.013,0.351,0.338,0.013,5.07,4.87,0.203
"Mlodzinski, Carmen",669387,2026,480,353,0.272,0.29,-0.018,0.393,0.443,-0.05,0.32,0.346,-0.026,4.05,5.14,-1.094
"Ober, Bailey",641927,2026,477,364,0.247,0.251,-0.004,0.428,0.46,-0.032,0.317,0.329,-0.012,4.37,4.59,-0.222
"Houser, Adrian",605288,2026,470,357,0.257,0.268,-0.011,0.434,0.453,-0.019,0.326,0.339,-0.013,4.02,4.91,-0.889
"Seymour, Ian",693855,2026,470,296,0.227,0.219,0.008,0.437,0.388,0.049,0.308,0.288,0.02,4.21,3.44,0.769
"Matthews, Zebby",805673,2026,467,338,0.255,0.258,-0.003,0.44,0.43,0.01,0.327,0.326,0.001,4.58,4.49,0.09
"Drohan, Shane",675660,2026,466,314,0.253,0.229,0.024,0.391,0.36,0.031,0.314,0.294,0.02,3.75,3.59,0.162
"McClanahan, Shane",663556,2026,466,320,0.206,0.242,-0.036,0.315,0.406,-0.091,0.268,0.314,-0.046,3.19,4.14,-0.954
"Meyer, Max",676974,2026,462,293,0.207,0.227,-0.02,0.339,0.375,-0.036,0.282,0.304,-0.022,2.68,3.86,-1.184
"Feltner, Ryan",663372,2026,455,333,0.281,0.265,0.016,0.515,0.48,0.035,0.371,0.353,0.018,5.84,5.38,0.463
"Pfaadt, Brandon",694297,2026,455,350,0.236,0.242,-0.006,0.379,0.389,-0.01,0.293,0.3,-0.007,3.49,3.75,-0.264
"Phillips, Tyler",663969,2026,454,319,0.245,0.26,-0.015,0.394,0.42,-0.026,0.32,0.334,-0.014,3.59,4.74,-1.151
"Lauer, Eric",641778,2026,448,339,0.246,0.25,-0.004,0.469,0.463,0.006,0.336,0.335,0.001,4.79,4.78,0.005
"Harrison, Kyle",690986,2026,447,284,0.239,0.232,0.007,0.423,0.373,0.05,0.314,0.291,0.023,3.45,3.51,-0.061
"Mize, Casey",663554,2026,446,321,0.23,0.23,0,0.381,0.377,0.004,0.287,0.29,-0.003,3.45,3.49,-0.043
"Lopez, Jacob",682052,2026,441,291,0.25,0.207,0.043,0.411,0.332,0.079,0.333,0.286,0.047,4.82,3.39,1.428
"Gallen, Zac",668678,2026,440,344,0.304,0.313,-0.009,0.506,0.53,-0.024,0.373,0.384,-0.011,6.34,6.58,-0.243
"Civale, Aaron",650644,2026,438,324,0.29,0.263,0.027,0.485,0.438,0.047,0.358,0.329,0.029,4.5,4.59,-0.09
"Junk, Janson",676083,2026,435,333,0.266,0.259,0.007,0.419,0.411,0.008,0.322,0.318,0.004,4.11,4.25,-0.143
"Perkins, Jack",678022,2026,433,273,0.265,0.23,0.035,0.468,0.384,0.084,0.356,0.309,0.047,6.42,4,2.42
"Painter, Andrew",691725,2026,432,305,0.274,0.254,0.02,0.452,0.424,0.028,0.348,0.329,0.019,5.95,4.59,1.359
"Prielipp, Connor",687570,2026,430,279,0.263,0.241,0.022,0.426,0.398,0.028,0.334,0.317,0.017,5.54,4.22,1.325
"Burrows, Mike",681347,2026,423,309,0.292,0.263,0.029,0.508,0.44,0.068,0.376,0.335,0.041,5.99,4.78,1.209
"Arrighetti, Spencer",681293,2026,421,258,0.219,0.24,-0.021,0.369,0.399,-0.03,0.324,0.346,-0.022,4.82,5.14,-0.325
"Bello, Brayan",678394,2026,415,309,0.278,0.296,-0.018,0.415,0.465,-0.05,0.328,0.353,-0.025,4.85,5.38,-0.531
"Sproat, Brandon",687075,2026,414,257,0.248,0.246,0.002,0.439,0.41,0.029,0.351,0.339,0.012,5.27,4.91,0.358
"Sheehan, Emmet",686218,2026,412,266,0.252,0.23,0.022,0.485,0.403,0.082,0.346,0.308,0.038,5.29,3.97,1.317
"Scott, Christian",681035,2026,412,246,0.223,0.23,-0.007,0.355,0.359,-0.004,0.307,0.31,-0.003,3.8,4.02,-0.217
"Jump, Gage",695611,2026,407,260,0.263,0.258,0.005,0.415,0.4,0.015,0.335,0.327,0.008,5.15,4.52,0.627
"Cole, Gerrit",543037,2026,402,272,0.225,0.235,-0.01,0.385,0.362,0.023,0.287,0.282,0.005,3.19,3.29,-0.097
"Boyd, Matthew",571510,2026,401,288,0.242,0.266,-0.024,0.401,0.447,-0.046,0.316,0.341,-0.025,3.99,4.97,-0.98
"Patrick, Chad",694477,2026,397,273,0.228,0.243,-0.015,0.37,0.39,-0.02,0.3,0.313,-0.013,3.36,4.11,-0.747
"Soroka, Michael",647336,2026,395,274,0.24,0.261,-0.021,0.362,0.412,-0.05,0.291,0.319,-0.028,3.4,4.28,-0.881
"Early, Connelly",813349,2026,390,254,0.235,0.234,0.001,0.401,0.408,-0.007,0.32,0.32,0,3.44,4.31,-0.874
"Flaherty, Jack",656427,2026,389,238,0.24,0.236,0.004,0.416,0.394,0.022,0.33,0.323,0.007,4.59,4.4,0.187
"Yesavage, Trey",702056,2026,386,247,0.185,0.2,-0.015,0.339,0.33,0.009,0.28,0.285,-0.005,3.65,3.36,0.291
"Gordon, Tanner",685299,2026,383,293,0.301,0.259,0.042,0.532,0.457,0.075,0.368,0.323,0.045,5.18,4.4,0.777
"Melton, Troy",675512,2026,382,271,0.201,0.229,-0.028,0.342,0.353,-0.011,0.27,0.287,-0.017,1.86,3.41,-1.554
"Alvarez, Andrew",674841,2026,382,252,0.233,0.252,-0.019,0.343,0.381,-0.038,0.3,0.321,-0.021,3.47,4.34,-0.866
"Jax, Griffin",643377,2026,379,247,0.24,0.252,-0.012,0.401,0.418,-0.017,0.306,0.323,-0.017,3.63,4.4,-0.767
"Miller, Bryce",682243,2026,376,258,0.221,0.213,0.008,0.417,0.363,0.054,0.3,0.277,0.023,4.12,3.17,0.947
"Bennett, Jake",687562,2026,373,278,0.228,0.231,-0.003,0.324,0.364,-0.04,0.262,0.277,-0.015,3.27,3.17,0.097
"Anderson, Drew",623454,2026,370,234,0.242,0.224,0.018,0.407,0.367,0.04,0.322,0.302,0.02,3.87,3.8,0.072
"Quantrill, Cal",615698,2026,368,272,0.228,0.246,-0.018,0.364,0.412,-0.048,0.285,0.309,-0.024,3.01,4,-0.989
"Bassitt, Chris",605135,2026,362,269,0.303,0.287,0.016,0.444,0.42,0.024,0.36,0.345,0.015,4.97,5.11,-0.139
"Taillon, Jameson",592791,2026,362,253,0.253,0.257,-0.004,0.524,0.525,-0.001,0.364,0.363,0.001,5.68,5.75,-0.071
"Irvin, Jake",663623,2026,362,232,0.242,0.246,-0.004,0.423,0.452,-0.029,0.337,0.351,-0.014,5.62,5.31,0.31
"Corbin, Patrick",571578,2026,360,266,0.302,0.289,0.013,0.477,0.463,0.014,0.364,0.356,0.008,5.51,5.49,0.023
"Lodolo, Nick",666157,2026,359,251,0.291,0.302,-0.011,0.497,0.496,0.001,0.376,0.384,-0.008,5.24,6.58,-1.339
"Gasser, Robert",688107,2026,357,247,0.255,0.253,0.002,0.435,0.398,0.037,0.332,0.317,0.015,4.59,4.22,0.371
"Leiter, Jack",683004,2026,355,233,0.255,0.257,-0.002,0.439,0.43,0.009,0.34,0.336,0.004,5.29,4.81,0.477
"Nelson, Ryne",669194,2026,355,265,0.249,0.261,-0.012,0.477,0.5,-0.023,0.336,0.349,-0.013,4.97,5.24,-0.272
"Fried, Max",608331,2026,347,234,0.198,0.198,0,0.265,0.262,0.003,0.243,0.246,-0.003,2.8,2.49,0.31
"Blubaugh, AJ",805123,2026,346,224,0.209,0.215,-0.006,0.358,0.367,-0.009,0.286,0.299,-0.013,3.1,3.72,-0.625
"Agnos, Zach",688642,2026,346,262,0.275,0.278,-0.003,0.447,0.447,0,0.341,0.345,-0.004,5.49,5.11,0.382
"Canning, Griffin",656288,2026,343,225,0.278,0.248,0.03,0.452,0.412,0.04,0.357,0.33,0.027,6.08,4.62,1.458
"Brown, Hunter",686613,2026,340,206,0.21,0.202,0.008,0.344,0.329,0.015,0.303,0.293,0.01,3.33,3.56,-0.227
"Ohtani, Shohei",660271,2026,340,213,0.18,0.201,-0.021,0.262,0.287,-0.025,0.239,0.257,-0.018,1.79,2.72,-0.934
"Miles, Spencer",693686,2026,336,237,0.224,0.23,-0.006,0.308,0.324,-0.016,0.26,0.269,-0.009,2.92,2.98,-0.064
"Assad, Javier",665871,2026,332,253,0.233,0.264,-0.031,0.403,0.431,-0.028,0.302,0.326,-0.024,3.46,4.49,-1.034
"Cabrera, Edward",665795,2026,329,228,0.268,0.267,0.001,0.464,0.447,0.017,0.35,0.344,0.006,5.68,5.07,0.614
"Ashby, Aaron",676879,2026,327,184,0.231,0.198,0.033,0.325,0.28,0.045,0.293,0.263,0.03,3.24,2.85,0.39
"Holmes, Clay",605280,2026,326,234,0.203,0.255,-0.052,0.281,0.364,-0.083,0.252,0.305,-0.053,2.09,3.88,-1.786
"Suter, Brent",608718,2026,323,236,0.256,0.262,-0.006,0.414,0.405,0.009,0.316,0.315,0.001,3.59,4.17,-0.578
"Rodriguez, Grayson",680570,2026,322,220,0.28,0.272,0.008,0.477,0.461,0.016,0.359,0.355,0.004,6.03,5.46,0.568
"Johnson, Ryan",696270,2026,316,224,0.245,0.262,-0.017,0.443,0.463,-0.02,0.343,0.356,-0.013,5.47,5.49,-0.015
"Ramírez, Yohan",670990,2026,315,176,0.195,0.21,-0.015,0.302,0.294,0.008,0.285,0.288,-0.003,3.1,3.44,-0.344
"Teng, Kai-Wei",678906,2026,315,202,0.243,0.247,-0.004,0.412,0.406,0.006,0.337,0.337,0,4.42,4.84,-0.424
"Newcomb, Sean",656794,2026,313,209,0.202,0.244,-0.042,0.289,0.35,-0.061,0.259,0.3,-0.041,2.19,3.75,-1.558
"Jones, Jared",683003,2026,312,200,0.236,0.225,0.011,0.436,0.392,0.044,0.323,0.303,0.02,4.83,3.83,1
"McDonald, Trevor",686790,2026,310,217,0.255,0.246,0.009,0.384,0.359,0.025,0.323,0.311,0.012,5.12,4.05,1.068
"Avila, Luinder",679883,2026,309,204,0.272,0.251,0.021,0.425,0.396,0.029,0.356,0.339,0.017,5.53,4.91,0.619
"Bachar, Lake",669199,2026,308,196,0.192,0.2,-0.008,0.362,0.361,0.001,0.286,0.291,-0.005,3.7,3.51,0.194
"López, Reynaldo",625643,2026,306,209,0.245,0.256,-0.011,0.412,0.426,-0.014,0.322,0.33,-0.008,3.64,4.62,-0.978
"Woods Richardson, Simeon",680573,2026,303,224,0.304,0.28,0.024,0.504,0.467,0.037,0.39,0.368,0.022,6.68,5.94,0.742
"Imai, Tatsuya",837227,2026,301,170,0.22,0.226,-0.006,0.36,0.394,-0.034,0.32,0.333,-0.013,5.32,4.71,0.61
"Morejon, Adrian",670970,2026,301,185,0.204,0.2,0.004,0.274,0.273,0.001,0.241,0.238,0.003,2.55,2.33,0.224
"Blackburn, Paul",621112,2026,299,208,0.189,0.229,-0.04,0.285,0.343,-0.058,0.251,0.288,-0.037,1.64,3.44,-1.797
"Gusto, Ryan",687473,2026,298,217,0.256,0.268,-0.012,0.407,0.415,-0.008,0.318,0.325,-0.007,3.86,4.46,-0.603
"Lord, Brad",695418,2026,297,197,0.213,0.235,-0.022,0.329,0.378,-0.049,0.284,0.313,-0.029,3.75,4.11,-0.364
"Kochanowicz, Jack",686799,2026,296,208,0.259,0.272,-0.013,0.382,0.439,-0.057,0.331,0.359,-0.028,6.19,5.6,0.588
"Matz, Steven",571927,2026,293,219,0.248,0.278,-0.03,0.466,0.475,-0.009,0.332,0.349,-0.017,5.9,5.24,0.658
"Bruihl, Justin",677865,2026,293,216,0.262,0.248,0.014,0.361,0.346,0.015,0.311,0.306,0.005,3.39,3.91,-0.518
"Schultz, Noah",702273,2026,291,193,0.251,0.273,-0.022,0.425,0.454,-0.029,0.345,0.364,-0.019,6.06,5.78,0.281
"Henderson, Logan",701656,2026,286,185,0.181,0.202,-0.021,0.344,0.344,0,0.249,0.257,-0.008,2.48,2.72,-0.244
"Headrick, Brent",687396,2026,285,178,0.238,0.219,0.019,0.369,0.326,0.043,0.292,0.267,0.025,1.97,2.94,-0.974
"Taylor, Grant",691799,2026,282,165,0.192,0.188,0.004,0.275,0.284,-0.009,0.245,0.248,-0.003,2.03,2.53,-0.502
"Burke, Brock",656271,2026,281,172,0.203,0.211,-0.008,0.325,0.335,-0.01,0.29,0.297,-0.007,2.62,3.67,-1.053
"Fisher, Braydon",680755,2026,276,172,0.204,0.216,-0.012,0.335,0.348,-0.013,0.289,0.304,-0.015,3.31,3.86,-0.551
"Watson, Ryan",670245,2026,276,197,0.251,0.269,-0.018,0.421,0.453,-0.032,0.321,0.343,-0.022,4.38,5.04,-0.658
"Richards, Trevor",670950,2026,275,193,0.221,0.237,-0.016,0.398,0.402,-0.004,0.29,0.302,-0.012,3.53,3.8,-0.272
"Peralta, Wandy",593974,2026,275,209,0.274,0.265,0.009,0.411,0.38,0.031,0.329,0.311,0.018,3.41,4.05,-0.641
"Morris, Andrew",702193,2026,275,191,0.255,0.226,0.029,0.36,0.319,0.041,0.299,0.272,0.027,3.82,3.05,0.767
"Severino, Luis",622663,2026,271,173,0.258,0.231,0.027,0.432,0.388,0.044,0.346,0.318,0.028,4.17,4.25,-0.085
"Suarez, José",660761,2026,270,180,0.286,0.26,0.026,0.433,0.352,0.081,0.35,0.31,0.04,5.49,4.02,1.469
"Medina, Luis",665622,2026,269,158,0.249,0.229,0.02,0.397,0.383,0.014,0.326,0.313,0.013,3.52,4.11,-0.588
"De Los Santos, Enyel",660853,2026,269,192,0.242,0.228,0.014,0.403,0.368,0.035,0.303,0.284,0.019,4.45,3.34,1.114
"Graceffo, Gordon",700669,2026,269,192,0.181,0.246,-0.065,0.297,0.429,-0.132,0.257,0.332,-0.075,2.9,4.68,-1.782
"Varland, Louis",686973,2026,267,165,0.2,0.196,0.004,0.257,0.266,-0.009,0.229,0.23,-0.001,1.18,2.18,-1
"Paddack, Chris",663978,2026,267,206,0.314,0.28,0.034,0.483,0.45,0.033,0.37,0.342,0.028,6.79,5.01,1.779
"Senzatela, Antonio",622608,2026,266,189,0.258,0.254,0.004,0.371,0.366,0.005,0.305,0.302,0.003,3.71,3.8,-0.086
"Harris, Hogan",663687,2026,266,146,0.234,0.206,0.028,0.347,0.314,0.033,0.319,0.296,0.023,3.55,3.64,-0.091
"Zeferjahn, Ryan",666171,2026,266,137,0.188,0.183,0.005,0.326,0.287,0.039,0.293,0.279,0.014,3.98,3.22,0.764
"Holton, Tyler",663947,2026,266,195,0.266,0.252,0.014,0.414,0.373,0.041,0.326,0.304,0.022,3,3.86,-0.86
"Brown, Ben",676962,2026,265,179,0.186,0.223,-0.037,0.248,0.335,-0.087,0.228,0.279,-0.051,1.85,3.22,-1.367
"Bazardo, Eduard",660825,2026,262,180,0.269,0.259,0.01,0.436,0.424,0.012,0.327,0.324,0.003,3.25,4.43,-1.184
"Okert, Steven",595345,2026,261,175,0.19,0.21,-0.02,0.325,0.361,-0.036,0.252,0.274,-0.022,2.13,3.1,-0.972
"Mejia, Juan",675848,2026,261,173,0.279,0.264,0.015,0.379,0.388,-0.009,0.336,0.335,0.001,5.56,4.78,0.779
"Kremer, Dean",665152,2026,260,177,0.243,0.244,-0.001,0.502,0.445,0.057,0.344,0.325,0.019,5.6,4.46,1.141
"Marinaccio, Ron",676760,2026,260,178,0.27,0.261,0.009,0.482,0.426,0.056,0.371,0.347,0.024,6.09,5.18,0.907
"Rogers, Tyler",643511,2026,258,199,0.228,0.224,0.004,0.276,0.294,-0.018,0.253,0.258,-0.005,1.9,2.74,-0.843
"Hoffman, Jeff",656546,2026,257,140,0.252,0.213,0.039,0.383,0.33,0.053,0.315,0.295,0.02,3.97,3.62,0.351
"Alexander, Tyler",641302,2026,256,181,0.262,0.233,0.029,0.345,0.328,0.017,0.302,0.284,0.018,3.34,3.34,-0.003
"Ritchie, JR",702275,2026,256,162,0.221,0.24,-0.019,0.376,0.408,-0.032,0.324,0.344,-0.02,4.5,5.07,-0.57
"Legumina, Casey",668984,2026,255,187,0.27,0.266,0.004,0.394,0.396,-0.002,0.314,0.313,0.001,3.73,4.11,-0.381
"Gómez, Yoendrys",672782,2026,255,166,0.225,0.252,-0.027,0.372,0.446,-0.074,0.312,0.352,-0.04,3.72,5.35,-1.626
"Wells, Tyler",669330,2026,254,171,0.198,0.21,-0.012,0.353,0.363,-0.01,0.264,0.274,-0.01,2.62,3.1,-0.483
"Senga, Kodai",673540,2026,252,147,0.251,0.234,0.017,0.488,0.418,0.07,0.374,0.344,0.03,7.36,5.07,2.294
"Moll, Sam",594580,2026,252,162,0.252,0.241,0.011,0.371,0.364,0.007,0.326,0.327,-0.001,4.55,4.52,0.034
"Brazobán, Huascar",623211,2026,252,168,0.193,0.221,-0.028,0.33,0.332,-0.002,0.277,0.292,-0.015,3.16,3.54,-0.38
"Rodriguez, Bradgley",699134,2026,252,169,0.212,0.191,0.021,0.312,0.278,0.034,0.258,0.235,0.023,2.07,2.27,-0.204
"Soriano, George",666277,2026,252,165,0.219,0.231,-0.012,0.393,0.402,-0.009,0.306,0.32,-0.014,4.12,4.31,-0.191
"Smith, Cade",671922,2026,251,141,0.203,0.199,0.004,0.315,0.338,-0.023,0.264,0.275,-0.011,2.36,3.12,-0.759
"Lynch IV, Daniel",663738,2026,250,183,0.202,0.244,-0.042,0.333,0.397,-0.064,0.268,0.309,-0.041,3.06,4,-0.935
"Webb, Jacob",657097,2026,250,164,0.229,0.245,-0.016,0.352,0.387,-0.035,0.287,0.308,-0.021,2.87,3.97,-1.104
"Brubaker, JT",664141,2026,250,183,0.225,0.274,-0.049,0.349,0.427,-0.078,0.294,0.341,-0.047,3.58,4.97,-1.39
"Ferrer, José A.",678606,2026,249,183,0.276,0.247,0.029,0.4,0.372,0.028,0.327,0.302,0.025,3.83,3.8,0.034
"Scherzer, Max",453286,2026,248,175,0.242,0.232,0.01,0.443,0.4,0.043,0.336,0.316,0.02,6.16,4.2,1.958
"Festa, Matt",670036,2026,248,164,0.259,0.231,0.028,0.406,0.374,0.032,0.322,0.299,0.023,3.61,3.72,-0.11
"Faucher, Calvin",676534,2026,248,149,0.214,0.222,-0.008,0.276,0.314,-0.038,0.28,0.293,-0.013,3.9,3.56,0.342
"Fuentes, Didier",800311,2026,247,149,0.222,0.215,0.007,0.312,0.329,-0.017,0.266,0.269,-0.003,2.39,2.98,-0.593
"Rodón, Carlos",607074,2026,247,151,0.187,0.225,-0.038,0.311,0.352,-0.041,0.275,0.31,-0.035,3.2,4.02,-0.817
"Soto, Gregory",642397,2026,245,148,0.192,0.195,-0.003,0.318,0.294,0.024,0.271,0.264,0.007,3.2,2.87,0.333
"Thornton, Zac",804267,2026,245,184,0.251,0.269,-0.018,0.374,0.444,-0.07,0.298,0.329,-0.031,2.94,4.59,-1.655
"Gray, Peyton",682608,2026,244,166,0.251,0.235,0.016,0.434,0.373,0.061,0.317,0.29,0.027,3.93,3.49,0.437
"Morán, Jovani",663558,2026,243,149,0.183,0.201,-0.018,0.351,0.346,0.005,0.284,0.29,-0.006,3.55,3.49,0.059
"Bieber, Shane",669456,2026,242,174,0.253,0.282,-0.029,0.438,0.5,-0.062,0.335,0.368,-0.033,4.37,5.94,-1.575
"Bednar, David",670280,2026,241,156,0.196,0.211,-0.015,0.283,0.298,-0.015,0.243,0.256,-0.013,2.73,2.7,0.03
"Hudson, Bryan",663542,2026,239,164,0.256,0.226,0.03,0.343,0.318,0.025,0.291,0.272,0.019,3.16,3.05,0.108
"King, Bryan",687911,2026,238,169,0.271,0.253,0.018,0.429,0.382,0.047,0.34,0.317,0.023,4.75,4.22,0.535
"Kerkering, Orion",689147,2026,238,147,0.203,0.201,0.002,0.327,0.297,0.03,0.293,0.282,0.011,3.86,3.29,0.567
"Finnegan, Kyle",640448,2026,238,162,0.261,0.254,0.007,0.433,0.427,0.006,0.354,0.348,0.006,3.27,5.21,-1.937
"Mayza, Tim",641835,2026,237,162,0.225,0.231,-0.006,0.367,0.373,-0.006,0.28,0.284,-0.004,3.34,3.34,-0.003
"Kelly, Kevin",687330,2026,237,173,0.195,0.261,-0.066,0.294,0.374,-0.08,0.234,0.294,-0.06,1.98,3.59,-1.611
"Lee, Dylan",669276,2026,236,147,0.184,0.195,-0.011,0.295,0.309,-0.014,0.233,0.248,-0.015,2.66,2.53,0.126
"Márquez, Germán",608566,2026,236,173,0.264,0.266,-0.002,0.519,0.484,0.035,0.371,0.362,0.009,5.26,5.71,-0.446
"O'Brien, Riley",676617,2026,235,148,0.221,0.247,-0.026,0.312,0.392,-0.08,0.294,0.334,-0.04,3.95,4.74,-0.789
"Clarke, Taylor",664199,2026,235,186,0.205,0.258,-0.053,0.33,0.44,-0.11,0.253,0.323,-0.07,2.64,4.4,-1.759
"Lange, Alex",656638,2026,234,148,0.259,0.249,0.01,0.418,0.412,0.006,0.346,0.338,0.008,5.81,4.87,0.94
"Cruz, Fernando",518585,2026,234,133,0.207,0.185,0.022,0.369,0.324,0.045,0.307,0.281,0.026,3.13,3.26,-0.132
"Hart, Kyle",606996,2026,234,157,0.213,0.209,0.004,0.343,0.327,0.016,0.279,0.273,0.006,3.77,3.07,0.697
"Ginkel, Kevin",656464,2026,233,161,0.236,0.234,0.002,0.396,0.404,-0.008,0.294,0.301,-0.007,4.26,3.78,0.483
"Doval, Camilo",666808,2026,233,147,0.237,0.213,0.024,0.381,0.327,0.054,0.317,0.296,0.021,4.13,3.64,0.487
"Bernardino, Brennan",657514,2026,232,173,0.239,0.251,-0.012,0.364,0.383,-0.019,0.289,0.301,-0.012,2.57,3.78,-1.209
"Fluharty, Mason",689254,2026,232,148,0.223,0.19,0.033,0.337,0.313,0.024,0.286,0.262,0.024,3.44,2.83,0.606
"Dobbins, Hunter",690928,2026,231,153,0.24,0.233,0.007,0.397,0.366,0.031,0.322,0.307,0.015,3.67,3.94,-0.273
"Garcia, Rico",670329,2026,231,149,0.174,0.21,-0.036,0.338,0.345,-0.007,0.261,0.278,-0.017,3.22,3.19,0.032
"Alvarado, José",621237,2026,231,139,0.271,0.229,0.042,0.417,0.348,0.069,0.349,0.306,0.043,5.62,3.91,1.707
"Petersen, Michael",656848,2026,231,136,0.193,0.191,0.002,0.322,0.349,-0.027,0.279,0.287,-0.008,3.35,3.41,-0.055
"Suárez, Albert",544150,2026,230,173,0.24,0.256,-0.016,0.423,0.416,0.007,0.314,0.323,-0.009,3.93,4.4,-0.473
"Abreu, Bryan",650556,2026,229,118,0.196,0.2,-0.004,0.364,0.332,0.032,0.326,0.317,0.009,3.93,4.22,-0.29
"Stanek, Ryne",592773,2026,228,142,0.232,0.228,0.004,0.414,0.387,0.027,0.329,0.315,0.014,4.39,4.17,0.218
"Montgomery, Mason",682254,2026,227,116,0.181,0.184,-0.003,0.289,0.288,0.001,0.246,0.247,-0.001,3.07,2.51,0.562
"Silseth, Chase",681217,2026,227,135,0.226,0.228,-0.002,0.353,0.384,-0.031,0.306,0.316,-0.01,2.96,4.2,-1.239
"Yarbrough, Ryan",642232,2026,226,162,0.221,0.228,-0.007,0.337,0.327,0.01,0.29,0.288,0.002,3.91,3.44,0.466
"Rogers, Taylor",573124,2026,224,155,0.276,0.246,0.03,0.401,0.369,0.032,0.335,0.315,0.02,4.74,4.17,0.573
"Kolek, Stephen",663568,2026,224,176,0.262,0.262,0,0.448,0.38,0.068,0.329,0.303,0.026,4.5,3.83,0.67
"Latz, Jacob",656641,2026,222,138,0.134,0.177,-0.043,0.233,0.291,-0.058,0.192,0.237,-0.045,1.65,2.31,-0.66
"Dobnak, Randy",677976,2026,221,166,0.254,0.287,-0.033,0.345,0.382,-0.037,0.3,0.328,-0.028,1.92,4.56,-2.644
"Anderson, Grant",681982,2026,220,150,0.208,0.208,0,0.411,0.334,0.077,0.301,0.274,0.027,3.42,3.1,0.316
"Morillo, Juan",666661,2026,220,135,0.192,0.177,0.015,0.269,0.247,0.022,0.248,0.237,0.011,2.15,2.31,-0.157
"Henriquez, Edgardo",683618,2026,220,128,0.164,0.167,-0.003,0.228,0.231,-0.003,0.241,0.243,-0.002,2.77,2.43,0.335
"Dreyer, Jack",676263,2026,219,132,0.2,0.215,-0.015,0.338,0.353,-0.015,0.271,0.281,-0.01,2.98,3.26,-0.278
"Miller, Mason",695243,2026,219,93,0.143,0.132,0.011,0.184,0.184,0,0.196,0.19,0.006,1.26,1.52,-0.264
"Domínguez, Seranthony",622554,2026,219,129,0.211,0.217,-0.006,0.389,0.378,0.011,0.319,0.319,0,4.44,4.28,0.161
"Holderman, Colin",670059,2026,218,139,0.182,0.22,-0.038,0.241,0.343,-0.102,0.251,0.304,-0.053,2.75,3.86,-1.108
"Nunez, Anthony",689296,2026,218,136,0.219,0.223,-0.004,0.358,0.374,-0.016,0.3,0.306,-0.006,4.29,3.91,0.381
"Weissert, Greg",669711,2026,217,146,0.245,0.228,0.017,0.403,0.379,0.024,0.31,0.297,0.013,3.83,3.67,0.162
"Matsui, Yuki",673513,2026,217,126,0.168,0.168,0,0.307,0.313,-0.006,0.268,0.276,-0.008,2.02,3.14,-1.115
"Cruz, Steven",674444,2026,217,139,0.237,0.243,-0.006,0.454,0.404,0.05,0.333,0.315,0.018,4.36,4.17,0.185
"Loáisiga, Jonathan",642528,2026,215,163,0.227,0.228,-0.001,0.323,0.34,-0.017,0.257,0.269,-0.012,2.44,2.98,-0.54
"Winn, Cole",668390,2026,215,149,0.277,0.274,0.003,0.456,0.442,0.014,0.342,0.337,0.005,5.63,4.84,0.785
"Scott, Tanner",656945,2026,213,133,0.202,0.237,-0.035,0.318,0.353,-0.035,0.245,0.273,-0.028,2.46,3.07,-0.615
"Nance, Tommy",667297,2026,213,139,0.247,0.252,-0.005,0.342,0.378,-0.036,0.291,0.308,-0.017,3.22,3.97,-0.751
"Rolison, Ryan",669020,2026,213,141,0.235,0.247,-0.012,0.374,0.392,-0.018,0.311,0.322,-0.011,3.08,4.37,-1.294
"Hill, Tim",657612,2026,213,173,0.237,0.261,-0.024,0.397,0.42,-0.023,0.303,0.321,-0.018,4.08,4.34,-0.265
"Hughes, Gabriel",687312,2026,211,152,0.27,0.235,0.035,0.427,0.355,0.072,0.334,0.295,0.039,6.61,3.62,2.988
"Baker, Bryan",641329,2026,210,131,0.159,0.204,-0.045,0.265,0.313,-0.048,0.226,0.265,-0.039,1.5,2.89,-1.39
"Farris, Mitch",815083,2026,210,134,0.276,0.267,0.009,0.486,0.449,0.037,0.369,0.35,0.019,4.28,5.28,-0.997
"Santana, Dennis",642701,2026,209,142,0.251,0.254,-0.003,0.47,0.437,0.033,0.351,0.34,0.011,5.55,4.94,0.613
"Muñoz, Andrés",662253,2026,209,108,0.215,0.205,0.01,0.36,0.337,0.023,0.29,0.282,0.008,4.35,3.29,1.059
"Kilian, Caleb",668873,2026,209,129,0.238,0.216,0.022,0.359,0.36,-0.001,0.302,0.292,0.01,4.91,3.54,1.369
"Erceg, Lucas",668674,2026,208,142,0.312,0.263,0.049,0.465,0.361,0.104,0.392,0.34,0.052,6.23,4.94,1.291
"Sandoval, Patrick",663776,2026,207,136,0.306,0.272,0.034,0.467,0.44,0.027,0.37,0.344,0.026,4.2,5.07,-0.87
"Vodnik, Victor",680767,2026,207,144,0.264,0.239,0.025,0.391,0.357,0.034,0.334,0.314,0.02,4.73,4.14,0.59
"Iglesias, Raisel",628452,2026,207,138,0.232,0.232,0,0.363,0.379,-0.016,0.291,0.295,-0.004,2.82,3.62,-0.796
"Bubic, Kris",663460,2026,207,129,0.2,0.24,-0.04,0.322,0.395,-0.073,0.286,0.327,-0.041,4.11,4.52,-0.407
"Svanson, Matt",694335,2026,207,143,0.306,0.301,0.005,0.45,0.467,-0.017,0.364,0.369,-0.005,7.27,5.97,1.299
"Javier, Cristian",664299,2026,204,141,0.297,0.268,0.029,0.489,0.446,0.043,0.373,0.346,0.027,6.45,5.14,1.308
"Duran, Jhoan",661395,2026,203,121,0.232,0.19,0.042,0.263,0.247,0.016,0.247,0.221,0.026,1.61,2.02,-0.411
"Megill, Trevor",656730,2026,203,131,0.162,0.196,-0.034,0.2,0.319,-0.119,0.191,0.249,-0.058,2.24,2.55,-0.314
"Herrin, Tim",682120,2026,203,130,0.216,0.205,0.011,0.365,0.357,0.008,0.301,0.303,-0.002,3.14,3.83,-0.686
"Weaver, Luke",596133,2026,203,132,0.178,0.202,-0.024,0.265,0.337,-0.072,0.229,0.264,-0.035,2.27,2.87,-0.605
"Fermin, José",820862,2026,203,123,0.226,0.239,-0.013,0.373,0.397,-0.024,0.309,0.322,-0.013,3.28,4.37,-1.091
"Schreiber, John",670167,2026,203,144,0.232,0.256,-0.024,0.401,0.417,-0.016,0.311,0.326,-0.015,3.65,4.49,-0.841
"Vesia, Alex",681911,2026,202,112,0.153,0.178,-0.025,0.247,0.305,-0.058,0.245,0.278,-0.033,3.02,3.19,-0.169
"Gaddis, Hunter",683769,2026,202,136,0.235,0.247,-0.012,0.341,0.38,-0.039,0.294,0.312,-0.018,3.11,4.08,-0.972
"Bowlan, Jonathan",680742,2026,200,121,0.199,0.195,0.004,0.309,0.306,0.003,0.258,0.258,0,2.9,2.74,0.159
"Raley, Brooks",548384,2026,200,133,0.21,0.223,-0.013,0.347,0.348,-0.001,0.278,0.289,-0.011,2.2,3.46,-1.256
"Myers, Tobias",668964,2026,198,152,0.279,0.277,0.002,0.519,0.439,0.08,0.36,0.332,0.028,6.26,4.68,1.581
"Bachman, Sam",696147,2026,198,122,0.202,0.213,-0.011,0.351,0.319,0.032,0.306,0.299,0.007,4.14,3.72,0.419
"Sulser, Cole",642121,2026,197,135,0.261,0.255,0.006,0.433,0.468,-0.035,0.319,0.328,-0.009,4.86,4.56,0.296
"King, John",667463,2026,197,143,0.192,0.229,-0.037,0.372,0.404,-0.032,0.281,0.31,-0.029,3.99,4.02,-0.033
"Scholtens, Jesse",669947,2026,196,145,0.26,0.276,-0.016,0.492,0.466,0.026,0.348,0.348,0,4.03,5.21,-1.18
"McCullers Jr., Lance",621121,2026,195,118,0.247,0.236,0.011,0.458,0.378,0.08,0.36,0.328,0.032,6.54,4.56,1.985
"Antone, Tejay",622088,2026,195,131,0.224,0.235,-0.011,0.4,0.394,0.006,0.307,0.31,-0.003,3.83,4.02,-0.192
"Bratt, Mitch",683352,2026,194,136,0.244,0.227,0.017,0.415,0.355,0.06,0.341,0.312,0.029,4.71,4.08,0.625
"Adams, Travis",701519,2026,193,123,0.25,0.235,0.015,0.453,0.411,0.042,0.341,0.319,0.022,5.68,4.28,1.404
"Kittredge, Andrew",552640,2026,193,145,0.268,0.268,0,0.397,0.402,-0.005,0.308,0.308,0,3.12,3.97,-0.855
"Glasnow, Tyler",607192,2026,192,116,0.159,0.183,-0.024,0.284,0.309,-0.025,0.222,0.243,-0.021,2.79,2.43,0.357
"Kikuchi, Yusei",579328,2026,192,131,0.284,0.268,0.016,0.497,0.464,0.033,0.36,0.351,0.009,5.65,5.31,0.341
"Waldron, Matt",663362,2026,192,147,0.326,0.238,0.088,0.526,0.378,0.148,0.383,0.295,0.088,6.64,3.62,3.023
"Junis, Jakob",596001,2026,191,141,0.227,0.264,-0.037,0.313,0.385,-0.072,0.267,0.308,-0.041,2.72,3.97,-1.251
"Uribe, Abner",682842,2026,191,124,0.188,0.217,-0.029,0.253,0.281,-0.028,0.239,0.26,-0.021,2.05,2.78,-0.732
"Kinley, Tyler",641755,2026,190,123,0.22,0.203,0.017,0.421,0.357,0.064,0.318,0.287,0.031,3.75,3.41,0.335
"Beeter, Clayton",690925,2026,190,112,0.19,0.212,-0.022,0.327,0.345,-0.018,0.295,0.318,-0.023,3.45,4.25,-0.799
"Herget, Jimmy",623474,2026,190,127,0.285,0.239,0.046,0.5,0.398,0.102,0.372,0.323,0.049,5.95,4.4,1.553
"Dollander, Chase",801403,2026,189,121,0.238,0.217,0.021,0.409,0.387,0.022,0.32,0.307,0.013,3.89,3.94,-0.054
"Orze, Eric",679358,2026,189,130,0.264,0.253,0.011,0.377,0.367,0.01,0.318,0.313,0.005,5.66,4.11,1.551
"Chapman, Aroldis",547973,2026,189,108,0.193,0.182,0.011,0.295,0.286,0.009,0.265,0.256,0.009,1.77,2.7,-0.926
"Klein, Will",694361,2026,189,116,0.267,0.235,0.032,0.345,0.302,0.043,0.319,0.288,0.031,3.67,3.44,0.232
"Wolfram, Grant",664991,2026,188,123,0.257,0.226,0.031,0.407,0.353,0.054,0.322,0.289,0.033,4.81,3.46,1.354
"Miller, Erik",669062,2026,188,95,0.196,0.176,0.02,0.285,0.261,0.024,0.277,0.261,0.016,2.25,2.8,-0.55
"Shugart, Chase",663767,2026,188,113,0.241,0.219,0.022,0.481,0.409,0.072,0.344,0.315,0.029,4.71,4.17,0.535
"Thompson, Ryan",657044,2026,186,141,0.304,0.275,0.029,0.435,0.381,0.054,0.346,0.311,0.035,4.43,4.05,0.376
"Romero, JoJo",668941,2026,186,123,0.244,0.262,-0.018,0.384,0.433,-0.049,0.313,0.337,-0.024,3.35,4.84,-1.491
"Sewald, Paul",623149,2026,186,124,0.219,0.225,-0.006,0.485,0.481,0.004,0.324,0.324,0,5.44,4.43,1.01
"Barnett, Mason",686930,2026,185,121,0.266,0.25,0.016,0.538,0.446,0.092,0.388,0.35,0.038,7.08,5.28,1.802
"Funderburk, Kody",681892,2026,185,123,0.214,0.229,-0.015,0.286,0.337,-0.051,0.282,0.307,-0.025,3.77,3.94,-0.173
"Hurt, Kyle",669165,2026,184,107,0.226,0.214,0.012,0.365,0.372,-0.007,0.311,0.306,0.005,4.5,3.91,0.59
"Hicks, Jordan",663855,2026,184,106,0.24,0.211,0.029,0.357,0.273,0.084,0.314,0.273,0.041,4.43,3.07,1.356
"Sterner, Justin",686993,2026,184,131,0.274,0.225,0.049,0.524,0.399,0.125,0.36,0.292,0.068,6.12,3.54,2.577
"Alvarado, Elvis",665660,2026,183,106,0.201,0.204,-0.003,0.409,0.43,-0.021,0.313,0.328,-0.015,4,4.56,-0.56
"Sisk, Evan",681895,2026,182,105,0.221,0.198,0.023,0.322,0.287,0.035,0.309,0.287,0.022,2.55,3.41,-0.859
"Quintana, Jose",500779,2026,181,143,0.288,0.275,0.013,0.5,0.441,0.059,0.364,0.343,0.021,5.27,5.04,0.228
"Pérez, Cionel",672335,2026,181,124,0.267,0.265,0.002,0.418,0.47,-0.052,0.331,0.346,-0.015,4.97,5.14,-0.172
"Gibson, Cade",806188,2026,180,123,0.275,0.247,0.028,0.376,0.329,0.047,0.334,0.307,0.027,5.67,3.94,1.732
"Hall, DL",669084,2026,180,101,0.14,0.185,-0.045,0.24,0.266,-0.026,0.249,0.275,-0.026,2.35,3.12,-0.772
"Cano, Yennier",666974,2026,179,128,0.216,0.222,-0.006,0.269,0.335,-0.066,0.241,0.272,-0.031,3.07,3.05,0.018
"Warren, Austin",681810,2026,179,110,0.252,0.254,-0.002,0.432,0.414,0.018,0.344,0.337,0.007,4.28,4.84,-0.565
"Williams, Devin",642207,2026,178,106,0.277,0.219,0.058,0.394,0.31,0.084,0.338,0.282,0.056,4.66,3.29,1.365
"Parker, Mitchell",680730,2026,178,129,0.289,0.272,0.017,0.503,0.462,0.041,0.371,0.347,0.024,6.58,5.18,1.4
"De Jesus, Enmanuel",646241,2026,178,122,0.239,0.253,-0.014,0.358,0.407,-0.049,0.3,0.323,-0.023,3.83,4.4,-0.573
"Lawrence, Justin",664875,2026,177,100,0.275,0.267,0.008,0.549,0.455,0.094,0.414,0.38,0.034,7.34,6.41,0.93
"Fairbanks, Pete",664126,2026,177,98,0.221,0.209,0.012,0.429,0.423,0.006,0.325,0.318,0.007,6.03,4.25,1.775
"Thornton, Trent",663423,2026,177,134,0.226,0.255,-0.029,0.409,0.45,-0.041,0.308,0.334,-0.026,3.45,4.74,-1.289
"Winn, Keaton",676775,2026,176,123,0.222,0.24,-0.018,0.34,0.36,-0.02,0.29,0.308,-0.018,3.35,3.97,-0.621
"Ribalta, Orlando",687377,2026,175,117,0.221,0.213,0.008,0.351,0.389,-0.038,0.29,0.301,-0.011,3.86,3.78,0.077
"Thielbar, Caleb",573204,2026,175,110,0.244,0.234,0.01,0.463,0.452,0.011,0.329,0.319,0.01,4.97,4.28,0.688
"Woodruff, Brandon",605540,2026,174,116,0.174,0.2,-0.026,0.304,0.358,-0.054,0.231,0.263,-0.032,2.98,2.85,0.128
"Cleavinger, Garrett",664076,2026,174,100,0.235,0.231,0.004,0.389,0.361,0.028,0.305,0.3,0.005,4.17,3.75,0.421
