"last_name, first_name",player_id,year,pa,bip,ba,est_ba,est_ba_minus_ba_diff,slg,est_slg,est_slg_minus_slg_diff,woba,est_woba,est_woba_minus_woba_diff
AVERAGE,0,,,,,,,,,,0.316,,
"Bregman, Alex",608324,2026,620,449,0.258,0.245,0.013,0.44,0.377,0.063,0.344,0.317,0.027
"Crow-Armstrong, Pete",691718,2026,618,375,0.282,0.259,0.023,0.573,0.497,0.076,0.403,0.369,0.034
"Henderson, Gunnar",683002,2026,614,416,0.223,0.245,-0.022,0.407,0.399,0.008,0.312,0.319,-0.007
"Busch, Michael",683737,2026,613,382,0.239,0.23,0.009,0.391,0.399,-0.008,0.332,0.33,0.002
"Herrera, Iván",671056,2026,612,407,0.243,0.247,-0.004,0.375,0.372,0.003,0.33,0.33,0
"Reynolds, Bryan",668804,2026,601,369,0.262,0.248,0.014,0.421,0.432,-0.011,0.351,0.349,0.002
"Tatis Jr., Fernando",665487,2026,600,430,0.281,0.296,-0.015,0.438,0.482,-0.044,0.342,0.373,-0.031
"Olson, Matt",621566,2026,600,387,0.256,0.25,0.006,0.523,0.519,0.004,0.364,0.36,0.004
"Stewart, Sal",701398,2026,599,408,0.266,0.257,0.009,0.489,0.484,0.005,0.354,0.351,0.003
"McGonigle, Kevin",805808,2026,598,432,0.274,0.263,0.011,0.415,0.436,-0.021,0.352,0.353,-0.001
"Alonso, Pete",624413,2026,598,377,0.268,0.284,-0.016,0.5,0.545,-0.045,0.371,0.392,-0.021
"Caminero, Junior",691406,2026,597,415,0.282,0.273,0.009,0.536,0.497,0.039,0.385,0.365,0.02
"Vargas, Miguel",678246,2026,596,398,0.249,0.269,-0.02,0.488,0.519,-0.031,0.368,0.389,-0.021
"Alvarez, Yordan",670541,2026,596,391,0.318,0.326,-0.008,0.607,0.661,-0.054,0.43,0.452,-0.022
"Neto, Zach",687263,2026,595,349,0.236,0.208,0.028,0.432,0.403,0.029,0.329,0.306,0.023
"Turner, Trea",607208,2026,593,422,0.241,0.242,-0.001,0.378,0.363,0.015,0.297,0.292,0.005
"Schwarber, Kyle",656941,2026,592,305,0.243,0.238,0.005,0.524,0.495,0.029,0.377,0.364,0.013
"Hoerner, Nico",663538,2026,592,492,0.263,0.3,-0.037,0.362,0.377,-0.015,0.303,0.325,-0.022
"Harper, Bryce",547180,2026,590,370,0.268,0.276,-0.008,0.505,0.504,0.001,0.385,0.393,-0.008
"Abreu, Wilyer",677800,2026,590,403,0.254,0.255,-0.001,0.464,0.475,-0.011,0.344,0.35,-0.006
"Albies, Ozzie",645277,2026,588,456,0.254,0.232,0.022,0.412,0.356,0.056,0.314,0.286,0.028
"Díaz, Yandy",650490,2026,587,443,0.3,0.284,0.016,0.461,0.443,0.018,0.361,0.351,0.01
"Devers, Rafael",646240,2026,587,374,0.252,0.234,0.018,0.49,0.456,0.034,0.352,0.333,0.019
"Wetherholt, JJ",802139,2026,586,412,0.242,0.256,-0.014,0.37,0.438,-0.068,0.322,0.351,-0.029
"Carroll, Corbin",682998,2026,586,382,0.244,0.251,-0.007,0.476,0.443,0.033,0.352,0.346,0.006
"Bichette, Bo",666182,2026,584,438,0.263,0.276,-0.013,0.391,0.411,-0.02,0.308,0.322,-0.014
"Lopez, Otto",672640,2026,583,473,0.305,0.282,0.023,0.442,0.422,0.02,0.339,0.324,0.015
"Aranda, Jonathan",666018,2026,583,379,0.277,0.262,0.015,0.419,0.446,-0.027,0.344,0.349,-0.005
"Ohtani, Shohei",660271,2026,582,360,0.28,0.292,-0.012,0.529,0.563,-0.034,0.383,0.402,-0.019
"Ward, Taylor",621493,2026,581,355,0.229,0.243,-0.014,0.319,0.366,-0.047,0.317,0.337,-0.02
"Perdomo, Geraldo",672695,2026,580,423,0.255,0.259,-0.004,0.373,0.35,0.023,0.332,0.33,0.002
"Turang, Brice",668930,2026,578,360,0.253,0.25,0.003,0.425,0.421,0.004,0.339,0.336,0.003
"Burleson, Alec",676475,2026,578,428,0.288,0.296,-0.008,0.476,0.529,-0.053,0.359,0.38,-0.021
"Machado, Manny",592518,2026,578,387,0.22,0.249,-0.029,0.405,0.425,-0.02,0.311,0.332,-0.021
"Edwards, Xavier",669364,2026,574,432,0.282,0.261,0.021,0.376,0.361,0.015,0.327,0.313,0.014
"Lile, Daylen",695734,2026,573,423,0.257,0.262,-0.005,0.443,0.445,-0.002,0.325,0.33,-0.005
"Freeman, Freddie",518692,2026,572,416,0.304,0.3,0.004,0.461,0.483,-0.022,0.366,0.373,-0.007
"Walker, Jordan",691023,2026,572,386,0.285,0.273,0.012,0.496,0.483,0.013,0.363,0.352,0.011
"Merrill, Jackson",701538,2026,568,388,0.241,0.258,-0.017,0.419,0.466,-0.047,0.309,0.333,-0.024
"Rice, Ben",700250,2026,567,353,0.252,0.265,-0.013,0.522,0.509,0.013,0.373,0.374,-0.001
"Arraez, Luis",650333,2026,567,512,0.316,0.291,0.025,0.432,0.382,0.05,0.336,0.307,0.029
"Abrams, CJ",682928,2026,565,368,0.267,0.246,0.021,0.506,0.428,0.078,0.364,0.33,0.034
"Rafaela, Ceddanne",678882,2026,563,421,0.284,0.247,0.037,0.446,0.357,0.089,0.332,0.281,0.051
"Lowe, Brandon",664040,2026,562,341,0.251,0.235,0.016,0.477,0.424,0.053,0.344,0.321,0.023
"Arozarena, Randy",668227,2026,561,365,0.274,0.258,0.016,0.465,0.416,0.049,0.368,0.346,0.022
"Nimmo, Brandon",607043,2026,559,388,0.264,0.279,-0.015,0.423,0.474,-0.051,0.329,0.356,-0.027
"Happ, Ian",664023,2026,558,312,0.221,0.204,0.017,0.423,0.396,0.027,0.33,0.313,0.017
"Paredes, Isaac",670623,2026,557,408,0.256,0.244,0.012,0.416,0.364,0.052,0.343,0.32,0.023
"Adell, Jo",666176,2026,554,378,0.24,0.258,-0.018,0.406,0.449,-0.043,0.307,0.33,-0.023
"Meidroth, Chase",805367,2026,553,373,0.271,0.236,0.035,0.398,0.334,0.064,0.331,0.294,0.037
"Rodríguez, Julio",677594,2026,551,380,0.244,0.266,-0.022,0.401,0.451,-0.05,0.309,0.34,-0.031
"Pages, Andy",681624,2026,550,391,0.272,0.272,0,0.458,0.438,0.02,0.347,0.34,0.007
"Young, Cole",702284,2026,550,411,0.244,0.261,-0.017,0.384,0.389,-0.005,0.305,0.314,-0.009
"Contreras, William",661388,2026,549,418,0.272,0.264,0.008,0.401,0.441,-0.04,0.327,0.337,-0.01
"Naylor, Josh",647304,2026,547,429,0.267,0.269,-0.002,0.363,0.382,-0.019,0.307,0.313,-0.006
"Walker, Christian",572233,2026,546,365,0.229,0.227,0.002,0.431,0.387,0.044,0.32,0.303,0.017
"Montgomery, Colson",695657,2026,545,304,0.214,0.209,0.005,0.435,0.41,0.025,0.316,0.303,0.013
"Benge, Carson",701807,2026,545,381,0.277,0.279,-0.002,0.421,0.436,-0.015,0.333,0.338,-0.005
"Rumfield, TJ",681198,2026,543,396,0.29,0.256,0.034,0.437,0.375,0.062,0.364,0.328,0.036
"Okamoto, Kazuma",672960,2026,543,329,0.228,0.217,0.011,0.444,0.433,0.011,0.326,0.32,0.006
"Riley, Austin",663586,2026,542,319,0.222,0.213,0.009,0.362,0.393,-0.031,0.292,0.299,-0.007
"Bohm, Alec",664761,2026,538,418,0.244,0.259,-0.015,0.379,0.402,-0.023,0.302,0.319,-0.017
"Bell, Josh",605137,2026,538,383,0.253,0.249,0.004,0.417,0.431,-0.014,0.321,0.326,-0.005
"Duran, Jarren",680776,2026,537,349,0.207,0.237,-0.03,0.369,0.392,-0.023,0.274,0.301,-0.027
"Wood, James",695578,2026,535,288,0.265,0.275,-0.01,0.535,0.585,-0.05,0.395,0.419,-0.024
"Perez, Salvador",521692,2026,535,395,0.223,0.238,-0.015,0.372,0.418,-0.046,0.278,0.303,-0.025
"Clement, Ernie",676391,2026,535,462,0.276,0.249,0.027,0.39,0.328,0.062,0.302,0.265,0.037
"Dingler, Dillon",693307,2026,535,365,0.248,0.264,-0.016,0.468,0.469,-0.001,0.339,0.347,-0.008
"De La Cruz, Elly",682829,2026,533,328,0.27,0.274,-0.004,0.477,0.473,0.004,0.36,0.361,-0.001
"Suzuki, Seiya",673548,2026,533,332,0.278,0.251,0.027,0.495,0.434,0.061,0.374,0.341,0.033
"Trout, Mike",545361,2026,532,299,0.241,0.252,-0.011,0.428,0.492,-0.064,0.354,0.379,-0.025
"Gonzales, Nick",693304,2026,530,394,0.307,0.28,0.027,0.396,0.382,0.014,0.342,0.323,0.019
"Kwan, Steven",680757,2026,530,401,0.275,0.268,0.007,0.336,0.33,0.006,0.327,0.321,0.006
"Lee, Brooks",686797,2026,530,408,0.248,0.225,0.023,0.437,0.342,0.095,0.32,0.274,0.046
"Harris II, Michael",671739,2026,528,402,0.297,0.288,0.009,0.502,0.479,0.023,0.355,0.343,0.012
"Dubón, Mauricio",643289,2026,528,429,0.268,0.269,-0.001,0.387,0.376,0.011,0.309,0.305,0.004
"Tucker, Kyle",663656,2026,528,365,0.228,0.253,-0.025,0.357,0.376,-0.019,0.307,0.325,-0.018
"Witt Jr., Bobby",677951,2026,527,379,0.285,0.303,-0.018,0.452,0.511,-0.059,0.351,0.382,-0.031
"Torkelson, Spencer",679529,2026,524,294,0.22,0.212,0.008,0.402,0.392,0.01,0.317,0.309,0.008
"Marte, Ketel",606466,2026,523,398,0.25,0.279,-0.029,0.445,0.468,-0.023,0.329,0.351,-0.022
"Simpson, Chandler",802415,2026,522,456,0.311,0.257,0.054,0.364,0.293,0.071,0.311,0.262,0.049
"Marsee, Jakob",805300,2026,522,331,0.211,0.22,-0.009,0.325,0.315,0.01,0.301,0.302,-0.001
"Burger, Jake",669394,2026,521,339,0.238,0.233,0.005,0.427,0.417,0.01,0.319,0.311,0.008
"Guerrero Jr., Vladimir",665489,2026,520,401,0.258,0.282,-0.024,0.348,0.397,-0.049,0.302,0.331,-0.029
"Bogaerts, Xander",593428,2026,519,359,0.217,0.244,-0.027,0.322,0.374,-0.052,0.291,0.321,-0.03
"Stott, Bryson",681082,2026,518,376,0.259,0.268,-0.009,0.409,0.403,0.006,0.328,0.329,-0.001
"Contreras, Willson",575929,2026,517,307,0.274,0.254,0.02,0.516,0.483,0.033,0.39,0.374,0.016
"Keaschall, Luke",807712,2026,516,371,0.277,0.244,0.033,0.395,0.361,0.034,0.34,0.315,0.025
"Jensen, Carter",695600,2026,512,306,0.221,0.202,0.019,0.409,0.363,0.046,0.315,0.291,0.024
"Lee, Jung Hoo",808982,2026,511,429,0.288,0.293,-0.005,0.419,0.387,0.032,0.329,0.32,0.009
"Marsh, Brandon",669016,2026,511,349,0.271,0.257,0.014,0.426,0.411,0.015,0.321,0.308,0.013
"Baldwin, Drake",686948,2026,509,344,0.279,0.276,0.003,0.456,0.495,-0.039,0.357,0.368,-0.011
"Rocchio, Brayan",677587,2026,509,394,0.248,0.245,0.003,0.363,0.348,0.015,0.298,0.292,0.006
"Adames, Willy",642715,2026,505,327,0.23,0.222,0.008,0.424,0.391,0.033,0.311,0.296,0.015
"Arenado, Nolan",571448,2026,504,350,0.238,0.223,0.015,0.429,0.344,0.085,0.323,0.286,0.037
"Chisholm Jr., Jazz",665862,2026,500,298,0.228,0.215,0.013,0.4,0.37,0.03,0.31,0.295,0.015
"Durbin, Caleb",702332,2026,499,381,0.253,0.237,0.016,0.39,0.32,0.07,0.317,0.288,0.029
"Duran, Ezequiel",677649,2026,499,338,0.273,0.245,0.028,0.448,0.376,0.072,0.339,0.303,0.036
"Bauers, Jake",641343,2026,493,287,0.274,0.259,0.015,0.498,0.476,0.022,0.385,0.373,0.012
"Greene, Riley",682985,2026,492,294,0.273,0.258,0.015,0.45,0.478,-0.028,0.356,0.363,-0.007
"Caglianone, Jac",695506,2026,492,330,0.284,0.283,0.001,0.499,0.513,-0.014,0.359,0.361,-0.002
"Winn, Masyn",691026,2026,490,334,0.238,0.248,-0.01,0.326,0.333,-0.007,0.289,0.299,-0.01
"McCarthy, Jake",664983,2026,490,378,0.289,0.275,0.014,0.473,0.408,0.065,0.347,0.32,0.027
"Hicks, Liam",689414,2026,489,383,0.29,0.258,0.032,0.447,0.356,0.091,0.359,0.317,0.042
"Clemens, Kody",665019,2026,488,340,0.238,0.253,-0.015,0.466,0.463,0.003,0.327,0.335,-0.008
"Goodman, Hunter",696100,2026,488,285,0.255,0.23,0.025,0.543,0.468,0.075,0.367,0.329,0.038
"Smith, Cam",701358,2026,483,320,0.214,0.242,-0.028,0.392,0.428,-0.036,0.294,0.321,-0.027
"DeLauter, Chase",800050,2026,480,359,0.293,0.277,0.016,0.454,0.425,0.029,0.359,0.344,0.015
"Castro, Willi",650489,2026,477,301,0.26,0.236,0.024,0.417,0.39,0.027,0.33,0.309,0.021
"Grisham, Trent",663757,2026,476,328,0.209,0.242,-0.033,0.397,0.428,-0.031,0.311,0.336,-0.025
"Muncy, Max",571970,2026,473,294,0.251,0.242,0.009,0.494,0.471,0.023,0.362,0.349,0.013
"Altuve, Jose",514888,2026,471,335,0.248,0.222,0.026,0.397,0.327,0.07,0.311,0.275,0.036
"García Jr., Luis",671277,2026,471,369,0.285,0.286,-0.001,0.549,0.503,0.046,0.37,0.353,0.017
"Bellinger, Cody",641355,2026,471,341,0.259,0.276,-0.017,0.416,0.417,-0.001,0.335,0.345,-0.01
"Antonacci, Sam",803011,2026,468,332,0.269,0.273,-0.004,0.393,0.389,0.004,0.342,0.341,0.001
"Varsho, Daulton",662139,2026,466,333,0.228,0.232,-0.004,0.359,0.353,0.006,0.288,0.287,0.001
"Chourio, Jackson",694192,2026,465,314,0.281,0.255,0.026,0.476,0.467,0.009,0.353,0.336,0.017
"Semien, Marcus",543760,2026,460,326,0.218,0.249,-0.031,0.347,0.386,-0.039,0.278,0.305,-0.027
"Bleday, JJ",668709,2026,459,293,0.216,0.244,-0.028,0.425,0.429,-0.004,0.333,0.348,-0.015
"Swanson, Dansby",621020,2026,458,302,0.216,0.223,-0.007,0.404,0.389,0.015,0.309,0.306,0.003
"Nuñez, Nasim",683083,2026,455,316,0.216,0.222,-0.006,0.251,0.273,-0.022,0.255,0.266,-0.011
"Soderstrom, Tyler",691016,2026,453,306,0.245,0.246,-0.001,0.472,0.411,0.061,0.35,0.327,0.023
"Moreno, Gabriel",672515,2026,453,330,0.303,0.29,0.013,0.468,0.453,0.015,0.371,0.366,0.005
"Mitchell, Garrett",669003,2026,452,252,0.26,0.26,0,0.411,0.437,-0.026,0.339,0.348,-0.009
"Collins, Isaac",686555,2026,451,292,0.232,0.228,0.004,0.353,0.319,0.034,0.308,0.299,0.009
"Mullins, Cedric",656775,2026,451,314,0.206,0.188,0.018,0.354,0.312,0.042,0.286,0.263,0.023
"Ramírez, José",608070,2026,447,329,0.243,0.278,-0.035,0.393,0.417,-0.024,0.318,0.343,-0.025
"Tovar, Ezequiel",678662,2026,447,305,0.208,0.223,-0.015,0.333,0.364,-0.031,0.259,0.277,-0.018
"Murakami, Munetaka",808959,2026,447,215,0.217,0.213,0.004,0.495,0.484,0.011,0.367,0.361,0.006
"Schanuel, Nolan",694384,2026,446,340,0.276,0.286,-0.01,0.385,0.389,-0.004,0.328,0.334,-0.006
"Springer, George",543807,2026,440,312,0.254,0.235,0.019,0.421,0.376,0.045,0.33,0.306,0.024
"Giménez, Andrés",665926,2026,436,326,0.241,0.229,0.012,0.356,0.323,0.033,0.282,0.267,0.015
"Vargas, Ildemaro",545121,2026,436,366,0.253,0.274,-0.021,0.388,0.372,0.016,0.297,0.301,-0.004
"Butler, Lawrence",671732,2026,436,268,0.23,0.239,-0.009,0.372,0.379,-0.007,0.313,0.319,-0.006
"Kurtz, Nick",701762,2026,434,211,0.256,0.244,0.012,0.483,0.483,0,0.381,0.374,0.007
"Bazzana, Travis",683953,2026,432,286,0.238,0.224,0.014,0.366,0.338,0.028,0.311,0.296,0.015
"Raleigh, Cal",663728,2026,432,235,0.171,0.184,-0.013,0.359,0.393,-0.034,0.29,0.309,-0.019
"Taveras, Leody",665750,2026,431,284,0.224,0.216,0.008,0.358,0.326,0.032,0.293,0.279,0.014
"McLain, Matt",680574,2026,427,260,0.191,0.223,-0.032,0.341,0.381,-0.04,0.284,0.31,-0.026
"McNeil, Jeff",643446,2026,427,348,0.263,0.28,-0.017,0.358,0.37,-0.012,0.297,0.307,-0.01
"Suárez, Eugenio",553993,2026,426,227,0.206,0.192,0.014,0.41,0.338,0.072,0.311,0.282,0.029
"Canzone, Dominic",686527,2026,424,289,0.255,0.268,-0.013,0.482,0.479,0.003,0.349,0.353,-0.004
"Stowers, Kyle",669065,2026,424,240,0.245,0.233,0.012,0.457,0.434,0.023,0.341,0.33,0.011
"Betts, Mookie",605141,2026,423,343,0.239,0.272,-0.033,0.404,0.42,-0.016,0.306,0.325,-0.019
"Lewis, Royce",668904,2026,419,278,0.231,0.243,-0.012,0.393,0.405,-0.012,0.303,0.313,-0.01
"Yelich, Christian",592885,2026,419,264,0.238,0.236,0.002,0.381,0.397,-0.016,0.307,0.315,-0.008
"Young, Jacob",696285,2026,418,310,0.246,0.259,-0.013,0.393,0.388,0.005,0.313,0.317,-0.004
"Langeliers, Shea",669127,2026,416,281,0.263,0.268,-0.005,0.497,0.513,-0.016,0.357,0.363,-0.006
"Peters, Tristan",671976,2026,414,301,0.278,0.254,0.024,0.465,0.39,0.075,0.353,0.315,0.038
"Baty, Brett",683146,2026,413,258,0.222,0.232,-0.01,0.339,0.381,-0.042,0.283,0.305,-0.022
"Sheets, Gavin",657757,2026,412,274,0.211,0.23,-0.019,0.388,0.379,0.009,0.313,0.317,-0.004
"Mangum, Jake",663968,2026,411,296,0.287,0.246,0.041,0.373,0.324,0.049,0.319,0.283,0.036
"France, Ty",664034,2026,410,278,0.292,0.251,0.041,0.508,0.429,0.079,0.373,0.332,0.041
"Schmitt, Casey",669477,2026,409,310,0.271,0.288,-0.017,0.483,0.512,-0.029,0.336,0.355,-0.019
"Buxton, Byron",621439,2026,408,272,0.254,0.248,0.006,0.511,0.488,0.023,0.355,0.343,0.012
"Benintendi, Andrew",643217,2026,408,278,0.247,0.244,0.003,0.429,0.406,0.023,0.319,0.311,0.008
"Pederson, Joc",592626,2026,407,259,0.233,0.243,-0.01,0.48,0.444,0.036,0.348,0.343,0.005
"Caballero, José",676609,2026,405,279,0.239,0.234,0.005,0.378,0.346,0.032,0.296,0.283,0.013
"Crawford, Justin",702222,2026,404,306,0.266,0.257,0.009,0.351,0.319,0.032,0.297,0.284,0.013
"Larnach, Trevor",663616,2026,404,287,0.265,0.26,0.005,0.422,0.398,0.024,0.34,0.328,0.012
"Karros, Kyle",691720,2026,403,267,0.263,0.255,0.008,0.419,0.402,0.017,0.344,0.338,0.006
"Johnston, Troy",687859,2026,402,292,0.288,0.282,0.006,0.407,0.387,0.02,0.339,0.33,0.009
"Ewing, A.J.",805999,2026,400,257,0.239,0.252,-0.013,0.352,0.39,-0.038,0.297,0.315,-0.018
"O'Hearn, Ryan",656811,2026,398,276,0.27,0.254,0.016,0.454,0.41,0.044,0.343,0.321,0.022
"Jung, Josh",673962,2026,396,286,0.294,0.286,0.008,0.441,0.432,0.009,0.353,0.347,0.006
"Hernández, Heriberto",681715,2026,395,245,0.231,0.248,-0.017,0.464,0.484,-0.02,0.338,0.352,-0.014
"Walls, Taylor",670764,2026,394,255,0.219,0.19,0.029,0.29,0.259,0.031,0.273,0.25,0.023
"Stephenson, Tyler",663886,2026,394,243,0.251,0.244,0.007,0.427,0.452,-0.025,0.331,0.337,-0.006
"Hernández, Teoscar",606192,2026,391,247,0.249,0.243,0.006,0.395,0.411,-0.016,0.311,0.315,-0.004
"Carter, Evan",694497,2026,389,248,0.192,0.199,-0.007,0.314,0.318,-0.004,0.276,0.279,-0.003
"Keith, Colt",690993,2026,389,281,0.257,0.276,-0.019,0.401,0.428,-0.027,0.317,0.335,-0.018
"Realmuto, J.T.",592663,2026,388,270,0.224,0.262,-0.038,0.362,0.396,-0.034,0.294,0.326,-0.032
"Pasquantino, Vinnie",686469,2026,388,279,0.246,0.251,-0.005,0.383,0.412,-0.029,0.317,0.328,-0.011
"Sanoja, Javier",691594,2026,388,334,0.28,0.261,0.019,0.418,0.335,0.083,0.323,0.283,0.04
"Crawford, J.P.",641487,2026,385,245,0.209,0.235,-0.026,0.335,0.355,-0.02,0.304,0.32,-0.016
"Steer, Spencer",668715,2026,384,256,0.238,0.246,-0.008,0.421,0.452,-0.031,0.326,0.342,-0.016
"Church, Nathan",701675,2026,383,289,0.239,0.238,0.001,0.366,0.359,0.007,0.285,0.283,0.002
"Horwitz, Spencer",687462,2026,381,270,0.247,0.225,0.022,0.383,0.356,0.027,0.329,0.316,0.013
"Peña, Jeremy",665161,2026,380,267,0.284,0.276,0.008,0.481,0.424,0.057,0.355,0.331,0.024
"Ramos, Heliot",671218,2026,380,247,0.244,0.255,-0.011,0.398,0.442,-0.044,0.306,0.326,-0.02
"Eldridge, Bryce",805811,2026,379,232,0.263,0.256,0.007,0.45,0.469,-0.019,0.353,0.355,-0.002
"McKinstry, Zach",656716,2026,377,276,0.214,0.233,-0.019,0.313,0.314,-0.001,0.276,0.284,-0.008
"Acuña Jr., Ronald",660670,2026,374,235,0.241,0.254,-0.013,0.409,0.469,-0.06,0.334,0.361,-0.027
"Moniak, Mickey",666160,2026,374,253,0.253,0.217,0.036,0.506,0.398,0.108,0.339,0.285,0.054
"Grissom, Vaughn",687093,2026,372,273,0.249,0.251,-0.002,0.389,0.393,-0.004,0.309,0.315,-0.006
"Langford, Wyatt",694671,2026,370,252,0.252,0.24,0.012,0.448,0.393,0.055,0.343,0.317,0.026
"Thomas, Lane",657041,2026,368,233,0.227,0.241,-0.014,0.389,0.37,0.019,0.316,0.314,0.002
"Soto, Juan",665742,2026,368,253,0.282,0.297,-0.015,0.542,0.59,-0.048,0.402,0.422,-0.02
"Mayo, Coby",691723,2026,366,217,0.219,0.226,-0.007,0.446,0.446,0,0.316,0.319,-0.003
"Massey, Michael",686681,2026,366,285,0.276,0.245,0.031,0.444,0.399,0.045,0.326,0.298,0.028
"Kelly, Carson",608348,2026,365,264,0.265,0.243,0.022,0.398,0.377,0.021,0.334,0.314,0.02
"Lukes, Nathan",664770,2026,364,283,0.264,0.256,0.008,0.389,0.345,0.044,0.313,0.292,0.021
"Bolte, Henry",703607,2026,364,226,0.269,0.243,0.026,0.368,0.354,0.014,0.32,0.303,0.017
"Soler, Jorge",624585,2026,361,202,0.203,0.206,-0.003,0.373,0.362,0.011,0.295,0.294,0.001
"Lowe, Nathaniel",663993,2026,360,242,0.259,0.265,-0.006,0.463,0.436,0.027,0.339,0.332,0.007
"Manzardo, Kyle",700932,2026,356,200,0.215,0.22,-0.005,0.378,0.38,-0.002,0.305,0.307,-0.002
"Alvarez, Francisco",682626,2026,355,205,0.234,0.228,0.006,0.397,0.422,-0.025,0.318,0.322,-0.004
"Rengifo, Luis",650859,2026,354,268,0.24,0.253,-0.013,0.317,0.345,-0.028,0.289,0.304,-0.015
"Loftin, Nick",679845,2026,354,256,0.237,0.227,0.01,0.385,0.331,0.054,0.316,0.295,0.021
"Crews, Dylan",686611,2026,353,236,0.22,0.236,-0.016,0.363,0.409,-0.046,0.291,0.311,-0.02
"Chapman, Matt",656305,2026,352,229,0.235,0.21,0.025,0.368,0.319,0.049,0.309,0.286,0.023
"Lindor, Francisco",596019,2026,351,245,0.231,0.242,-0.011,0.42,0.444,-0.024,0.324,0.337,-0.013
"Torres, Gleyber",650402,2026,350,236,0.261,0.25,0.011,0.381,0.373,0.008,0.334,0.325,0.009
"Goldschmidt, Paul",502671,2026,348,236,0.248,0.237,0.011,0.459,0.423,0.036,0.332,0.313,0.019
"Basallo, Samuel",694212,2026,348,224,0.231,0.235,-0.004,0.43,0.447,-0.017,0.314,0.321,-0.007
"Yastrzemski, Mike",573262,2026,346,223,0.222,0.235,-0.013,0.369,0.366,0.003,0.301,0.308,-0.007
"Ortiz, Joey",687401,2026,345,250,0.252,0.238,0.014,0.38,0.341,0.039,0.308,0.296,0.012
"Caratini, Victor",605170,2026,344,233,0.222,0.234,-0.012,0.324,0.377,-0.053,0.289,0.318,-0.029
"Rutschman, Adley",668939,2026,343,250,0.237,0.262,-0.025,0.4,0.419,-0.019,0.316,0.338,-0.022
"Gilbert, Drew",687551,2026,342,240,0.236,0.259,-0.023,0.382,0.394,-0.012,0.314,0.33,-0.016
"Martínez, Angel",682657,2026,341,251,0.245,0.259,-0.014,0.431,0.408,0.023,0.308,0.305,0.003
"Hamilton, David",666152,2026,339,235,0.241,0.222,0.019,0.332,0.311,0.021,0.292,0.275,0.017
"Peraza, Oswald",672724,2026,338,212,0.225,0.223,0.002,0.344,0.335,0.009,0.279,0.274,0.005
"Palacios, Richie",680700,2026,338,235,0.226,0.241,-0.015,0.332,0.327,0.005,0.297,0.302,-0.005
"Wilson, Jacob",805779,2026,337,283,0.266,0.262,0.004,0.388,0.345,0.043,0.301,0.282,0.019
"Cronenworth, Jake",630105,2026,336,221,0.218,0.216,0.002,0.295,0.302,-0.007,0.275,0.275,0
"Martin, Austin",668885,2026,335,225,0.241,0.24,0.001,0.333,0.326,0.007,0.315,0.311,0.004
"Frelick, Sal",686217,2026,334,262,0.238,0.242,-0.004,0.333,0.322,0.011,0.286,0.283,0.003
"Gelof, Zack",680869,2026,333,220,0.252,0.224,0.028,0.442,0.389,0.053,0.333,0.3,0.033
"Cowser, Colton",681297,2026,333,194,0.221,0.223,-0.002,0.377,0.425,-0.048,0.308,0.324,-0.016
"Seager, Corey",608369,2026,331,207,0.221,0.245,-0.024,0.4,0.467,-0.067,0.317,0.349,-0.032
"Mead, Curtis",678554,2026,329,222,0.253,0.259,-0.006,0.498,0.457,0.041,0.37,0.358,0.012
"Cruz, Oneil",665833,2026,328,175,0.263,0.252,0.011,0.484,0.494,-0.01,0.361,0.358,0.003
"Cortes, Carlos",666126,2026,326,241,0.258,0.247,0.011,0.399,0.376,0.023,0.322,0.308,0.014
"Wells, Austin",669224,2026,325,199,0.182,0.209,-0.027,0.312,0.353,-0.041,0.264,0.29,-0.026
"Heim, Jonah",641680,2026,322,237,0.212,0.231,-0.019,0.389,0.377,0.012,0.29,0.296,-0.006
"Triolo, Jared",669707,2026,322,225,0.247,0.249,-0.002,0.319,0.327,-0.008,0.291,0.294,-0.003
"Monasterio, Andruw",655316,2026,318,232,0.248,0.24,0.008,0.399,0.371,0.028,0.31,0.299,0.011
"Hoskins, Rhys",656555,2026,317,167,0.179,0.174,0.005,0.376,0.348,0.028,0.305,0.297,0.008
"Ruiz, Keibert",660688,2026,314,261,0.283,0.243,0.04,0.451,0.362,0.089,0.334,0.283,0.051
"Garcia, Maikel",672580,2026,309,238,0.269,0.276,-0.007,0.385,0.377,0.008,0.313,0.317,-0.004
"Vivas, Jorbit",678391,2026,309,228,0.24,0.242,-0.002,0.324,0.321,0.003,0.301,0.3,0.001
"Fermín, José",665877,2026,308,238,0.24,0.249,-0.009,0.356,0.34,0.016,0.295,0.294,0.001
"McMahon, Ryan",641857,2026,306,187,0.216,0.235,-0.019,0.367,0.395,-0.028,0.288,0.304,-0.016
"Caissie, Owen",683357,2026,304,163,0.222,0.211,0.011,0.419,0.403,0.016,0.305,0.3,0.005
"Holliday, Jackson",702616,2026,304,200,0.23,0.239,-0.009,0.347,0.361,-0.014,0.294,0.304,-0.01
"Norby, Connor",681393,2026,303,172,0.226,0.208,0.018,0.36,0.344,0.016,0.313,0.298,0.015
"Yoshida, Masataka",807799,2026,297,233,0.274,0.262,0.012,0.399,0.372,0.027,0.33,0.318,0.012
"Jeffers, Ryan",680777,2026,296,204,0.275,0.252,0.023,0.49,0.444,0.046,0.378,0.357,0.021
"DeLuca, Jonny",676356,2026,296,222,0.267,0.237,0.03,0.434,0.34,0.094,0.319,0.268,0.051
"Vaughn, Andrew",683734,2026,292,209,0.31,0.271,0.039,0.448,0.388,0.06,0.373,0.338,0.035
"Vierling, Matt",663837,2026,291,223,0.207,0.256,-0.049,0.335,0.381,-0.046,0.259,0.304,-0.045
"Young, Jared",676724,2026,290,211,0.269,0.242,0.027,0.443,0.393,0.05,0.336,0.31,0.026
"Montgomery, Braden",695731,2026,288,197,0.224,0.252,-0.028,0.354,0.382,-0.028,0.3,0.322,-0.022
